{"train_loss": [2.6650403013416364, 2.613406452118541, 2.606589835873197, 2.6012224568500777, 2.6010922522566435, 2.596546917479502, 2.597309113987251, 2.596772814947735, 2.5947000876091546, 2.5925554002931577, 2.592690551262995, 2.5924357048167, 2.590848416045061, 2.5909518749645573, 2.589845103555855, 2.5898215439884194, 2.5892631184101824, 2.588497246012968, 2.5878349472494686, 2.588380759657778, 2.5874967549900845, 2.587573247437743, 2.587923293379817, 2.587389850688376, 2.5874494107420447, 2.585973038752514, 2.587553928340722, 2.5858637315655186, 2.5844019912127094, 2.584551819129587, 2.5849698780169135, 2.585008639555711, 2.584845344764974, 2.5845459438916607, 2.584376255671183, 2.5837622152734125, 2.5828126149299817, 2.5839357505556686, 2.5830648348162435, 2.582896692181065, 2.5823728225529643, 2.583319268075589, 2.583466748126851, 2.5826543121855723, 2.5824280626633587, 2.581453532654775, 2.5827187193644714, 2.5831500466233104, 2.5828025916403057, 2.5822962873122273, 2.581687019601307, 2.5827221528796946, 2.5828316413079633, 2.581939779974936, 2.582146375247616, 2.5817053120240545, 2.581839839797214, 2.5818131541774285, 2.582882730130157, 2.582968762917037], "train_acc": [20.20409125188537, 21.85378959276018, 21.898567119155356, 21.922134238310708, 21.87971342383107, 21.97398190045249, 21.917420814479637, 21.924490950226243, 21.9480580693816, 21.96926847662142, 21.959841628959275, 21.898567119155356, 21.959841628959275, 21.933917797888387, 21.97869532428356, 21.933917797888387, 21.955128205128204, 21.95277149321267, 21.938631221719458, 21.959841628959275, 21.929204374057313, 21.971625188536954, 21.99283559577677, 21.971625188536954, 21.96219834087481, 21.95748491704374, 22.00933257918552, 21.966911764705884, 21.976338612368025, 22.09181749622926, 21.96926847662142, 21.999905731523377, 22.042326546003018, 22.032899698340874, 22.014046003016592, 22.04703996983409, 22.025829562594268, 22.03525641025641, 22.014046003016592, 22.09181749622926, 22.014046003016592, 22.025829562594268, 22.025829562594268, 22.05175339366516, 22.127168174962293, 22.03054298642534, 22.049396681749624, 22.06589366515837, 22.063536953242835, 22.049396681749624, 22.054110105580694, 22.0611802413273, 22.089460784313726, 22.042326546003018, 22.037613122171944, 22.011689291101057, 22.016402714932127, 22.03525641025641, 22.03054298642534, 22.044683257918553], "val_loss": [2.5960264556057804, 2.5940592539060368, 2.592388006357046, 2.5934248220670475, 2.5884685833137353, 2.5880943895219923, 2.5891220903063155, 2.5872377749089592, 2.5855844837802273, 2.5854364875313287, 2.5861161288681562, 2.585537957144784, 2.584060170433738, 2.5833791052544868, 2.5834062049438904, 2.58309265950343, 2.584307762292715, 2.5831298377964047, 2.582855823156717, 2.582038322528759, 2.5828238350528103, 2.5820610073062924, 2.5824122095441484, 2.582706241340904, 2.5830394154662017, 2.582951322302118, 2.5815305176314776, 2.581292000683871, 2.5813358113482283, 2.581079352985729, 2.581280113100172, 2.581326611392148, 2.581515799035559, 2.5818028216595414, 2.580918150348263, 2.5813921798359263, 2.5807408719629676, 2.5813323801214043, 2.5809293460179044, 2.5808240983869646, 2.5809510654502814, 2.5810736942958163, 2.5810049580527354, 2.5806825627813805, 2.5808816739729235, 2.580712776917678, 2.5806739296946493, 2.580605600263689, 2.5806841633536597, 2.580700715938648, 2.5806671139243598, 2.5806876045840603, 2.580652248609316, 2.580555098873752, 2.580597157244916, 2.5805954466332923, 2.5805901063905727, 2.5805725934622172, 2.580568830450098, 2.5805759396586385], "val_acc": [22.038931045859453, 22.04992851644122, 22.07192345760475, 22.005938634114155, 22.038931045859453, 22.082920928186518, 21.950951281205324, 22.038931045859453, 22.07192345760475, 22.104915869350048, 22.04992851644122, 22.115913339931815, 22.07192345760475, 22.082920928186518, 22.093918398768285, 22.07192345760475, 22.07192345760475, 22.093918398768285, 22.126910810513582, 22.07192345760475, 22.104915869350048, 22.082920928186518, 22.093918398768285, 22.148905751677113, 22.148905751677113, 22.203893104585944, 22.13790828109535, 22.181898163422414, 22.28087539865831, 22.13790828109535, 22.170900692840647, 22.13790828109535, 22.13790828109535, 22.28087539865831, 22.236885516331245, 22.22588804574948, 22.24788298691301, 22.258880457494776, 22.30287033982184, 22.291872869240073, 22.30287033982184, 22.291872869240073, 22.30287033982184, 22.313867810403607, 22.324865280985374, 22.291872869240073, 22.30287033982184, 22.291872869240073, 22.291872869240073, 22.313867810403607, 22.30287033982184, 22.28087539865831, 22.28087539865831, 22.258880457494776, 22.30287033982184, 22.313867810403607, 22.291872869240073, 22.28087539865831, 22.30287033982184, 22.28087539865831]}