{"train_loss": [2.72556046608886, 2.6407873758183706, 2.627895334187676, 2.6185310447917267, 2.61404579725021, 2.6110027917010394, 2.6103823810680957, 2.607295416419143, 2.606716453579576, 2.6043265381909424, 2.603510115840676, 2.6040409397036064, 2.6019228885616115, 2.6006376175139643, 2.6010351285315925, 2.5988789652986943, 2.5985237789729423, 2.600127676313639, 2.5970663066003836, 2.5976042019296015], "train_acc": [18.72407616892911, 21.252828054298643, 21.49792609351433, 21.700603318250376, 21.811368778280542, 21.820795625942687, 21.893853695324285, 21.867929864253394, 21.907993966817497, 21.929204374057313, 21.90563725490196, 21.915064102564102, 21.936274509803923, 21.91035067873303, 21.903280542986426, 21.938631221719458, 21.97398190045249, 21.898567119155356, 21.933917797888387, 21.96219834087481], "val_loss": [2.6009443408564517, 2.5957856086262487, 2.5933149697487816, 2.5916124511183356, 2.592209219514278, 2.590639691603811, 2.5912663869690475, 2.5902502678988273, 2.589616119652464, 2.588763325674492, 2.586695659369753, 2.587043155703628, 2.586697223730255, 2.5867327698490077, 2.5862235855637934, 2.5867982914573266, 2.5867775440216065, 2.586285228060003, 2.585867909381264, 2.585575683493363], "val_acc": [21.92895634004179, 22.04992851644122, 22.060925987022983, 22.082920928186518, 22.104915869350048, 22.07192345760475, 22.060925987022983, 22.07192345760475, 22.060925987022983, 22.07192345760475, 22.060925987022983, 22.060925987022983, 22.07192345760475, 22.060925987022983, 22.082920928186518, 22.093918398768285, 22.082920928186518, 22.060925987022983, 22.04992851644122, 22.060925987022983]}