{"train_loss": [2.6343492380993756, 2.60583068037105, 2.6006927919963188, 2.5972396093975543, 2.595914972853337, 2.594190030076385, 2.593251976492178, 2.593566297405985, 2.591866641382646, 2.5914747982902586, 2.592560483319727, 2.590338692226381, 2.589507980044611, 2.5891688456182926, 2.589802722046278, 2.5885224491582557, 2.5884557289954944, 2.5885323591721363, 2.5874201303873305], "train_acc": [21.137349170437407, 21.856146304675715, 21.863216440422324, 21.882070135746606, 21.922134238310708, 21.981052036199095, 21.933917797888387, 21.959841628959275, 21.891496983408747, 21.924490950226243, 21.924490950226243, 21.964555052790345, 21.95277149321267, 21.92684766214178, 21.893853695324285, 21.959841628959275, 21.886783559577676, 21.872643288084465, 21.971625188536954], "val_loss": [2.5942203722502057, 2.590911356608073, 2.5888933884470084, 2.5881808046709027, 2.5870363436247175, 2.587026455527858, 2.5866264493841875, 2.5868860002149616, 2.586516819502178, 2.585666489182857, 2.5864605719583076, 2.58547998980472, 2.58472465548599, 2.585450791476066, 2.584514371972335, 2.584712507013689, 2.583576436628375, 2.584199759834691, 2.583815260100783], "val_acc": [22.07192345760475, 22.104915869350048, 22.07192345760475, 22.115913339931815, 22.082920928186518, 22.060925987022983, 22.060925987022983, 22.093918398768285, 22.07192345760475, 22.104915869350048, 22.07192345760475, 22.082920928186518, 22.07192345760475, 22.082920928186518, 22.060925987022983, 22.04992851644122, 22.093918398768285, 22.093918398768285, 22.104915869350048]}