{"train_loss": [2.6430277286791335, 2.6081034155452953, 2.600978593840678, 2.5979026818527178, 2.5962555737516997, 2.5951664913473804, 2.593383108149107, 2.5933406079696493, 2.592051107599365, 2.5918232853416225, 2.591289241209649, 2.5906287633096112, 2.5903888413988807, 2.589721191882368, 2.589645457303722, 2.5894585837066444, 2.589265358034482, 2.5881359908016197, 2.5888070292422496], "train_acc": [20.904034690799396, 21.764234539969834, 21.85378959276018, 21.89621040723982, 21.91035067873303, 21.964555052790345, 21.92684766214178, 21.936274509803923, 21.98340874811463, 21.915064102564102, 21.903280542986426, 21.929204374057313, 21.919777526395173, 21.94334464555053, 21.922134238310708, 21.907993966817497, 21.94334464555053, 21.922134238310708, 21.85378959276018], "val_loss": [2.595340044456616, 2.5919144764281157, 2.588968948732343, 2.5899117503249856, 2.5890760053668105, 2.587522871452465, 2.5864132747315525, 2.5871185879958305, 2.586566116098772, 2.586017690625107, 2.586455119283576, 2.585788815481621, 2.585480026613202, 2.5857277292954293, 2.586555612296389, 2.586752633881151, 2.585204141181812, 2.5842283466406037, 2.5844338124258477], "val_acc": [22.038931045859453, 22.07192345760475, 22.07192345760475, 22.104915869350048, 22.038931045859453, 22.082920928186518, 22.04992851644122, 22.07192345760475, 22.082920928186518, 22.060925987022983, 22.082920928186518, 22.07192345760475, 22.093918398768285, 22.093918398768285, 22.082920928186518, 22.038931045859453, 22.07192345760475, 22.093918398768285, 22.04992851644122]}